experiment_name,best_epoch,val_macro_f1,val_accuracy,val_loss,train_loss,f1_cloudy,f1_rainy,f1_snowy,f1_sunny,total_epochs
exp_026,8,0.9,0.9016,0.41749265052704004,0.168681851452114,0.888,0.8691,0.9249,0.918,23
exp_020,23,0.8968,0.899,0.6249658741168121,0.8367047232820054,0.8874,0.8631,0.9219,0.9148,33
exp_019,23,0.8912,0.8957,0.6341842435189148,0.6145979672557047,0.8851,0.8582,0.9093,0.9121,23
